<?xml version="1.0" encoding="utf-8" ?>
<Defs>

  <ThoughtDef>
    <defName>RS_AttendedOurAnniversary</defName>
    <durationDays>5.0</durationDays>
    <stackLimit>1</stackLimit>
    <stages>
      <li>
        <label>attended our anniversary</label>
        <description>That was such important day of my life!</description>
        <baseMoodEffect>10</baseMoodEffect>
      </li>
    </stages>
  </ThoughtDef>
  
  
  <ThoughtDef>
    <defName>RS_AttendedAnniversary</defName>
    <durationDays>2.0</durationDays>
    <stackLimit>1</stackLimit>
    <stages>
      <li>
        <label>attended anniversary</label>
        <description>That was important day for our colony.</description>
        <baseMoodEffect>5</baseMoodEffect>
      </li>
    </stages>
  </ThoughtDef>
  
  <ThoughtDef>
    <defName>RS_AttendedFuneral</defName>
    <durationDays>1.0</durationDays>
    <stackLimit>1</stackLimit>
    <stages>
      <li>
        <label>attended funeral</label>
        <description>Rest in peace.</description>
        <baseMoodEffect>2</baseMoodEffect>
      </li>
    </stages>
  </ThoughtDef>
  
  <ThoughtDef>
    <defName>RS_AttendedMemorialDay</defName>
    <durationDays>1.0</durationDays>
    <stackLimit>1</stackLimit>
    <stages>
      <li>
        <label>attended memorial day</label>
        <description>It's good to remember our fallen brothers and sisters.</description>
        <baseMoodEffect>5</baseMoodEffect>
      </li>
    </stages>
  </ThoughtDef>
  
</Defs>