﻿<?xml version="1.0" encoding="utf-8" ?>
<Defs>
    
  <DutyDef>
    <defName>Funeral</defName>
    <hook>MediumPriority</hook>
    <thinkNode Class="ThinkNode_Priority">
      <subNodes>
        <li Class="ThinkNode_ConditionalInPartyArea">
          <subNodes>
            <!-- Eat -->
            <li Class="ThinkNode_ConditionalRandom">
              <chance>0.01</chance>
              <subNodes>
                <li Class="JobGiver_EatInPartyArea" />
              </subNodes>
            </li>
            
            <!-- Stand where you are and be socially active -->
            <li Class="ThinkNode_ConditionalRandom">
              <chance>0.70</chance>
              <subNodes>
                <li Class="JobGiver_StandAndBeSociallyActive">
                  <ticksRange>
                    <min>5000</min>
                    <max>7500</max>
                  </ticksRange>
                </li>
              </subNodes>
            </li>
            
            <!-- Get joy -->
            <li Class="ThinkNode_ConditionalRandom">
              <chance>0.1</chance>
              <subNodes>
                <li Class="JobGiver_GetJoyInPartyArea" />
              </subNodes>
            </li>
            
            <!-- Wander -->
            <li Class="JobGiver_WanderInPartyArea">
              <ticksBetweenWandersRange>
                <min>10</min>
                <max>15</max>
              </ticksBetweenWandersRange>
            </li>
          </subNodes>
        </li>
        
        <!-- Reach the party area -->
        <li Class="JobGiver_WanderInPartyArea">
          <ticksBetweenWandersRange>
            <min>50</min>
            <max>250</max>
          </ticksBetweenWandersRange>
          <locomotionUrgency>Jog</locomotionUrgency>
        </li>
      </subNodes>
    </thinkNode>
  </DutyDef>
  
</Defs>